<?xml version="1.0" encoding="UTF-8"?>
<beans xmlns="http://www.springframework.org/schema/beans"
       xmlns:xsi="http://www.w3.org/2001/XMLSchema-instance"
       xmlns:context="http://www.springframework.org/schema/context"
       xmlns:aop="http://www.springframework.org/schema/aop"
       xmlns:tx="http://www.springframework.org/schema/tx"
       xmlns:mvc="http://www.springframework.org/schema/mvc"
       xsi:schemaLocation="http://www.springframework.org/schema/beans
       http://www.springframework.org/schema/beans/spring-beans-3.1.xsd
       http://www.springframework.org/schema/context
       http://www.springframework.org/schema/context/spring-context-3.1.xsd
       http://www.springframework.org/schema/aop
       http://www.springframework.org/schema/aop/spring-aop-3.1.xsd
       http://www.springframework.org/schema/tx
       http://www.springframework.org/schema/tx/spring-tx-3.1.xsd
       http://www.springframework.org/schema/mvc 
       http://www.springframework.org/schema/mvc/spring-mvc-3.1.xsd">

	<!-- Kontekst serwletu DispatcherServlet: definiuje infrastrukturę przetwarzania żądania tego serwletu. -->
   
	<context:component-scan base-package="com.apress.bookStore.controller" />
	
	<bean name="*.html" class="com.apress.bookstore.controller.BookController">
		<property name="bookService" ref="service"></property>
	</bean>
	
	<bean id="service" class="com.apress.bookstore.service.BookService">
		<property name="bookDao" ref="dao">
		</property>
	</bean>
<bean id="dao" class="com.apress.bookstore.dao.BookDAOImpl" >
	<property name="dataSource" ref="dataSourceBean">
		</property>
	</bean>
	
	<bean id="dataSourceBean"
		class="org.springframework.jdbc.datasource.DriverManagerDataSource">
		<property name="driverClassName" value="com.mysql.jdbc.Driver" />
		<property name="url" value="jdbc:mysql://localhost:3306/książki" />
		<property name="username" value="root" />
		<property name="password" value="hasło" />
	</bean>
	
	<!-- Rozwiązuje widoki wybrane do renderowania za pomocą adnotacji @Controllers do zasobów .jsp 
		w katalogu /WEB-INF/views. -->
	<bean
		class="org.springframework.web.servlet.view.InternalResourceViewResolver">
		<property name="prefix" value="/WEB-INF/views/" />
		<property name="suffix" value=".jsp" />
	</bean>
	
	
</beans>
